DATE,REGION,AGEGROUP,SEX,DEATHS
2020-03-10,Brussels,85+,F,1
2020-03-11,Flanders,85+,M,1
2020-03-11,Brussels,65-74,M,1
2020-03-11,Brussels,85+,F,1
2020-03-12,Brussels,75-84,M,1
2020-03-13,Brussels,75-84,F,2
2020-03-13,Brussels,85+,M,1
2020-03-14,Flanders,75-84,M,1
2020-03-14,Brussels,65-74,M,1
2020-03-14,Brussels,75-84,M,1
2020-03-14,Brussels,75-84,F,1
2020-03-14,Brussels,85+,M,1
2020-03-15,Flanders,65-74,M,2
2020-03-15,Flanders,85+,F,1
2020-03-15,Brussels,65-74,F,1
2020-03-15,Brussels,75-84,M,1
2020-03-15,Wallonia,85+,F,1
2020-03-16,Flanders,65-74,M,1
2020-03-16,Flanders,75-84,F,1
2020-03-16,Brussels,65-74,M,1
2020-03-16,Brussels,75-84,F,1
2020-03-16,Brussels,85+,M,2
2020-03-16,Wallonia,65-74,F,1
2020-03-16,Wallonia,75-84,M,1
2020-03-16,Wallonia,85+,F,3
2020-03-17,Flanders,75-84,F,1
2020-03-17,Flanders,75-84,,1
2020-03-17,Flanders,85+,M,1
2020-03-17,Brussels,65-74,M,1
2020-03-17,Brussels,75-84,F,1
2020-03-17,Brussels,85+,M,3
2020-03-17,Wallonia,75-84,M,1
2020-03-17,Wallonia,85+,F,1
2020-03-18,Flanders,65-74,F,1
2020-03-18,Flanders,75-84,M,3
2020-03-18,Flanders,85+,M,1
2020-03-18,Flanders,85+,F,1
2020-03-18,Flanders,85+,,1
2020-03-18,Brussels,75-84,M,1
2020-03-18,Brussels,75-84,F,3
2020-03-18,Brussels,85+,M,3
2020-03-18,Brussels,85+,F,2
2020-03-18,Wallonia,25-44,F,1
2020-03-18,Wallonia,45-64,M,1
2020-03-18,Wallonia,65-74,M,1
2020-03-18,Wallonia,85+,F,3
2020-03-19,Flanders,65-74,F,1
2020-03-19,Flanders,75-84,M,3
2020-03-19,Flanders,75-84,F,2
2020-03-19,Flanders,85+,M,2
2020-03-19,Flanders,85+,F,5
2020-03-19,Flanders,85+,,2
2020-03-19,Brussels,75-84,M,1
2020-03-19,Brussels,85+,M,1
2020-03-19,Brussels,85+,F,3
2020-03-19,Wallonia,65-74,M,6
2020-03-19,Wallonia,65-74,F,2
2020-03-19,Wallonia,75-84,F,1
2020-03-19,Wallonia,85+,M,3
2020-03-19,Wallonia,85+,F,1
2020-03-20,Flanders,45-64,M,2
2020-03-20,Flanders,65-74,M,1
2020-03-20,Flanders,65-74,F,1
2020-03-20,Flanders,75-84,M,1
2020-03-20,Flanders,75-84,F,2
2020-03-20,Flanders,85+,M,2
2020-03-20,Flanders,85+,F,7
2020-03-20,Brussels,45-64,M,1
2020-03-20,Brussels,75-84,F,1
2020-03-20,Brussels,85+,M,1
2020-03-20,Brussels,85+,F,3
2020-03-20,Wallonia,45-64,F,2
2020-03-20,Wallonia,65-74,M,2
2020-03-20,Wallonia,75-84,M,1
2020-03-20,Wallonia,85+,M,2
2020-03-20,Wallonia,85+,F,6
2020-03-21,Flanders,65-74,M,2
2020-03-21,Flanders,75-84,M,5
2020-03-21,Flanders,75-84,F,2
2020-03-21,Flanders,85+,M,4
2020-03-21,Flanders,85+,F,5
2020-03-21,Flanders,85+,,1
2020-03-21,Brussels,45-64,M,1
2020-03-21,Brussels,75-84,M,2
2020-03-21,Brussels,75-84,F,1
2020-03-21,Wallonia,25-44,F,1
2020-03-21,Wallonia,45-64,M,2
2020-03-21,Wallonia,65-74,M,1
2020-03-21,Wallonia,65-74,F,2
2020-03-21,Wallonia,75-84,M,1
2020-03-21,Wallonia,75-84,F,3
2020-03-21,Wallonia,85+,M,3
2020-03-21,Wallonia,85+,F,4
2020-03-22,Flanders,45-64,M,2
2020-03-22,Flanders,65-74,M,2
2020-03-22,Flanders,75-84,M,5
2020-03-22,Flanders,75-84,F,2
2020-03-22,Flanders,85+,M,3
2020-03-22,Flanders,85+,F,8
2020-03-22,Flanders,85+,,1
2020-03-22,Brussels,25-44,M,1
2020-03-22,Brussels,45-64,M,1
2020-03-22,Brussels,75-84,F,2
2020-03-22,Brussels,85+,M,3
2020-03-22,Brussels,85+,F,1
2020-03-22,Wallonia,45-64,M,2
2020-03-22,Wallonia,65-74,M,2
2020-03-22,Wallonia,65-74,F,2
2020-03-22,Wallonia,75-84,M,1
2020-03-22,Wallonia,75-84,F,1
2020-03-22,Wallonia,85+,M,4
2020-03-22,Wallonia,85+,F,4
2020-03-23,Flanders,45-64,M,2
2020-03-23,Flanders,45-64,F,1
2020-03-23,Flanders,65-74,M,3
2020-03-23,Flanders,75-84,M,6
2020-03-23,Flanders,75-84,F,4
2020-03-23,Flanders,85+,M,6
2020-03-23,Flanders,85+,F,9
2020-03-23,Brussels,45-64,M,1
2020-03-23,Brussels,65-74,M,3
2020-03-23,Brussels,65-74,F,2
2020-03-23,Brussels,75-84,M,2
2020-03-23,Brussels,85+,M,1
2020-03-23,Brussels,85+,F,2
2020-03-23,Wallonia,45-64,M,4
2020-03-23,Wallonia,45-64,F,2
2020-03-23,Wallonia,65-74,M,1
2020-03-23,Wallonia,75-84,M,7
2020-03-23,Wallonia,75-84,F,6
2020-03-23,Wallonia,85+,M,9
2020-03-23,Wallonia,85+,F,7
2020-03-24,Flanders,45-64,M,1
2020-03-24,Flanders,65-74,M,1
2020-03-24,Flanders,65-74,F,1
2020-03-24,Flanders,75-84,M,9
2020-03-24,Flanders,85+,M,12
2020-03-24,Flanders,85+,F,9
2020-03-24,Brussels,45-64,M,1
2020-03-24,Brussels,65-74,F,1
2020-03-24,Brussels,75-84,M,2
2020-03-24,Brussels,75-84,F,1
2020-03-24,Brussels,85+,M,2
2020-03-24,Brussels,85+,F,2
2020-03-24,Wallonia,45-64,F,1
2020-03-24,Wallonia,65-74,M,11
2020-03-24,Wallonia,65-74,F,1
2020-03-24,Wallonia,75-84,M,5
2020-03-24,Wallonia,75-84,F,4
2020-03-24,Wallonia,85+,M,7
2020-03-24,Wallonia,85+,F,5
2020-03-25,Flanders,45-64,M,2
2020-03-25,Flanders,45-64,F,2
2020-03-25,Flanders,65-74,M,6
2020-03-25,Flanders,75-84,M,9
2020-03-25,Flanders,75-84,F,7
2020-03-25,Flanders,85+,M,16
2020-03-25,Flanders,85+,F,11
2020-03-25,Brussels,45-64,M,1
2020-03-25,Brussels,65-74,M,2
2020-03-25,Brussels,65-74,F,2
2020-03-25,Brussels,75-84,M,2
2020-03-25,Brussels,75-84,F,2
2020-03-25,Brussels,85+,M,2
2020-03-25,Brussels,85+,F,5
2020-03-25,Wallonia,25-44,F,1
2020-03-25,Wallonia,45-64,M,2
2020-03-25,Wallonia,45-64,F,1
2020-03-25,Wallonia,65-74,M,7
2020-03-25,Wallonia,65-74,F,1
2020-03-25,Wallonia,75-84,M,5
2020-03-25,Wallonia,75-84,F,8
2020-03-25,Wallonia,85+,M,8
2020-03-25,Wallonia,85+,F,5
2020-03-26,Flanders,25-44,F,1
2020-03-26,Flanders,65-74,M,3
2020-03-26,Flanders,65-74,F,1
2020-03-26,Flanders,75-84,M,9
2020-03-26,Flanders,75-84,F,3
2020-03-26,Flanders,85+,M,13
2020-03-26,Flanders,85+,F,6
2020-03-26,Brussels,45-64,M,4
2020-03-26,Brussels,65-74,M,2
2020-03-26,Brussels,75-84,M,5
2020-03-26,Brussels,75-84,F,2
2020-03-26,Brussels,85+,M,3
2020-03-26,Brussels,85+,F,3
2020-03-26,Wallonia,45-64,F,1
2020-03-26,Wallonia,65-74,M,4
2020-03-26,Wallonia,65-74,F,3
2020-03-26,Wallonia,75-84,M,7
2020-03-26,Wallonia,75-84,F,8
2020-03-26,Wallonia,85+,M,10
2020-03-26,Wallonia,85+,F,14
2020-03-27,Flanders,45-64,M,3
2020-03-27,Flanders,65-74,M,8
2020-03-27,Flanders,75-84,M,12
2020-03-27,Flanders,75-84,F,14
2020-03-27,Flanders,85+,M,18
2020-03-27,Flanders,85+,F,21
2020-03-27,Brussels,65-74,M,3
2020-03-27,Brussels,65-74,F,3
2020-03-27,Brussels,75-84,M,3
2020-03-27,Brussels,85+,M,2
2020-03-27,Brussels,85+,F,5
2020-03-27,Wallonia,45-64,M,4
2020-03-27,Wallonia,45-64,F,2
2020-03-27,Wallonia,65-74,M,2
2020-03-27,Wallonia,65-74,F,1
2020-03-27,Wallonia,75-84,M,5
2020-03-27,Wallonia,75-84,F,4
2020-03-27,Wallonia,85+,M,4
2020-03-27,Wallonia,85+,F,14
2020-03-28,Flanders,45-64,M,5
2020-03-28,Flanders,65-74,M,7
2020-03-28,Flanders,65-74,F,1
2020-03-28,Flanders,75-84,M,12
2020-03-28,Flanders,75-84,F,19
2020-03-28,Flanders,85+,M,13
2020-03-28,Flanders,85+,F,15
2020-03-28,Brussels,65-74,M,2
2020-03-28,Brussels,65-74,F,2
2020-03-28,Brussels,75-84,M,2
2020-03-28,Brussels,75-84,F,8
2020-03-28,Brussels,85+,M,4
2020-03-28,Brussels,85+,F,8
2020-03-28,Wallonia,45-64,M,1
2020-03-28,Wallonia,65-74,M,4
2020-03-28,Wallonia,65-74,F,1
2020-03-28,Wallonia,75-84,M,8
2020-03-28,Wallonia,75-84,F,4
2020-03-28,Wallonia,85+,M,12
2020-03-28,Wallonia,85+,F,13
2020-03-29,Flanders,65-74,M,8
2020-03-29,Flanders,65-74,F,5
2020-03-29,Flanders,75-84,M,19
2020-03-29,Flanders,75-84,F,3
2020-03-29,Flanders,85+,M,14
2020-03-29,Flanders,85+,F,17
2020-03-29,Brussels,25-44,F,1
2020-03-29,Brussels,65-74,M,1
2020-03-29,Brussels,65-74,F,2
2020-03-29,Brussels,75-84,M,4
2020-03-29,Brussels,75-84,F,7
2020-03-29,Brussels,85+,M,4
2020-03-29,Brussels,85+,F,5
2020-03-29,Wallonia,45-64,M,1
2020-03-29,Wallonia,45-64,F,1
2020-03-29,Wallonia,65-74,M,4
2020-03-29,Wallonia,65-74,F,5
2020-03-29,Wallonia,75-84,M,15
2020-03-29,Wallonia,75-84,F,7
2020-03-29,Wallonia,85+,M,6
2020-03-29,Wallonia,85+,F,20
2020-03-30,Flanders,0-24,F,1
2020-03-30,Flanders,45-64,M,1
2020-03-30,Flanders,45-64,F,2
2020-03-30,Flanders,65-74,M,2
2020-03-30,Flanders,65-74,F,1
2020-03-30,Flanders,75-84,M,14
2020-03-30,Flanders,75-84,F,12
2020-03-30,Flanders,85+,M,15
2020-03-30,Flanders,85+,F,31
2020-03-30,Brussels,45-64,F,1
2020-03-30,Brussels,65-74,M,2
2020-03-30,Brussels,65-74,F,2
2020-03-30,Brussels,75-84,M,7
2020-03-30,Brussels,75-84,F,4
2020-03-30,Brussels,85+,M,9
2020-03-30,Brussels,85+,F,5
2020-03-30,Wallonia,45-64,M,5
2020-03-30,Wallonia,45-64,F,3
2020-03-30,Wallonia,65-74,M,2
2020-03-30,Wallonia,65-74,F,1
2020-03-30,Wallonia,75-84,M,9
2020-03-30,Wallonia,75-84,F,9
2020-03-30,Wallonia,85+,M,17
2020-03-30,Wallonia,85+,F,15
2020-03-31,Flanders,45-64,M,4
2020-03-31,Flanders,65-74,M,8
2020-03-31,Flanders,65-74,F,5
2020-03-31,Flanders,75-84,M,24
2020-03-31,Flanders,75-84,F,16
2020-03-31,Flanders,85+,M,15
2020-03-31,Flanders,85+,F,33
2020-03-31,Flanders,,M,1
2020-03-31,Brussels,45-64,M,2
2020-03-31,Brussels,45-64,F,2
2020-03-31,Brussels,65-74,M,3
2020-03-31,Brussels,65-74,F,2
2020-03-31,Brussels,75-84,M,7
2020-03-31,Brussels,75-84,F,2
2020-03-31,Brussels,85+,M,6
2020-03-31,Brussels,85+,F,8
2020-03-31,Wallonia,25-44,M,1
2020-03-31,Wallonia,45-64,M,1
2020-03-31,Wallonia,45-64,F,3
2020-03-31,Wallonia,65-74,M,5
2020-03-31,Wallonia,65-74,F,1
2020-03-31,Wallonia,75-84,M,8
2020-03-31,Wallonia,75-84,F,12
2020-03-31,Wallonia,85+,M,14
2020-03-31,Wallonia,85+,F,25
2020-04-01,Flanders,25-44,M,1
2020-04-01,Flanders,45-64,M,4
2020-04-01,Flanders,45-64,F,2
2020-04-01,Flanders,65-74,M,4
2020-04-01,Flanders,65-74,F,3
2020-04-01,Flanders,75-84,M,24
2020-04-01,Flanders,75-84,F,16
2020-04-01,Flanders,85+,M,39
2020-04-01,Flanders,85+,F,31
2020-04-01,Brussels,45-64,M,1
2020-04-01,Brussels,45-64,F,2
2020-04-01,Brussels,65-74,M,4
2020-04-01,Brussels,65-74,F,1
2020-04-01,Brussels,75-84,M,4
2020-04-01,Brussels,75-84,F,4
2020-04-01,Brussels,85+,M,5
2020-04-01,Brussels,85+,F,10
2020-04-01,Wallonia,45-64,M,5
2020-04-01,Wallonia,45-64,F,1
2020-04-01,Wallonia,65-74,M,4
2020-04-01,Wallonia,65-74,F,5
2020-04-01,Wallonia,75-84,M,9
2020-04-01,Wallonia,75-84,F,17
2020-04-01,Wallonia,85+,M,16
2020-04-01,Wallonia,85+,F,20
2020-04-02,Flanders,45-64,M,2
2020-04-02,Flanders,45-64,F,2
2020-04-02,Flanders,65-74,M,11
2020-04-02,Flanders,65-74,F,3
2020-04-02,Flanders,75-84,M,16
2020-04-02,Flanders,75-84,F,9
2020-04-02,Flanders,85+,M,28
2020-04-02,Flanders,85+,F,35
2020-04-02,Brussels,45-64,M,3
2020-04-02,Brussels,45-64,F,1
2020-04-02,Brussels,65-74,M,1
2020-04-02,Brussels,65-74,F,2
2020-04-02,Brussels,75-84,M,6
2020-04-02,Brussels,75-84,F,8
2020-04-02,Brussels,85+,M,9
2020-04-02,Brussels,85+,F,10
2020-04-02,Wallonia,45-64,M,3
2020-04-02,Wallonia,45-64,F,2
2020-04-02,Wallonia,65-74,M,14
2020-04-02,Wallonia,65-74,F,9
2020-04-02,Wallonia,75-84,M,5
2020-04-02,Wallonia,75-84,F,13
2020-04-02,Wallonia,85+,M,15
2020-04-02,Wallonia,85+,F,12
2020-04-03,Flanders,45-64,M,2
2020-04-03,Flanders,65-74,M,7
2020-04-03,Flanders,65-74,F,5
2020-04-03,Flanders,75-84,M,24
2020-04-03,Flanders,75-84,F,10
2020-04-03,Flanders,85+,M,31
2020-04-03,Flanders,85+,F,37
2020-04-03,Brussels,45-64,M,2
2020-04-03,Brussels,45-64,F,2
2020-04-03,Brussels,65-74,M,3
2020-04-03,Brussels,65-74,F,1
2020-04-03,Brussels,75-84,M,6
2020-04-03,Brussels,75-84,F,3
2020-04-03,Brussels,85+,M,5
2020-04-03,Brussels,85+,F,8
2020-04-03,Wallonia,45-64,M,5
2020-04-03,Wallonia,65-74,M,7
2020-04-03,Wallonia,65-74,F,4
2020-04-03,Wallonia,75-84,M,19
2020-04-03,Wallonia,75-84,F,11
2020-04-03,Wallonia,85+,M,20
2020-04-03,Wallonia,85+,F,24
2020-04-04,Flanders,45-64,M,2
2020-04-04,Flanders,45-64,F,3
2020-04-04,Flanders,65-74,M,4
2020-04-04,Flanders,65-74,F,2
2020-04-04,Flanders,75-84,M,24
2020-04-04,Flanders,75-84,F,14
2020-04-04,Flanders,85+,M,31
2020-04-04,Flanders,85+,F,44
2020-04-04,Flanders,,,4
2020-04-04,Brussels,45-64,M,2
2020-04-04,Brussels,65-74,M,2
2020-04-04,Brussels,65-74,F,3
2020-04-04,Brussels,75-84,M,13
2020-04-04,Brussels,75-84,F,6
2020-04-04,Brussels,85+,M,12
2020-04-04,Brussels,85+,F,16
2020-04-04,Brussels,85+,,2
2020-04-04,Wallonia,25-44,M,1
2020-04-04,Wallonia,45-64,M,5
2020-04-04,Wallonia,65-74,M,5
2020-04-04,Wallonia,65-74,F,6
2020-04-04,Wallonia,75-84,M,17
2020-04-04,Wallonia,75-84,F,18
2020-04-04,Wallonia,85+,M,13
2020-04-04,Wallonia,85+,F,21
2020-04-05,Flanders,25-44,F,1
2020-04-05,Flanders,45-64,M,2
2020-04-05,Flanders,65-74,M,11
2020-04-05,Flanders,65-74,F,6
2020-04-05,Flanders,75-84,M,15
2020-04-05,Flanders,75-84,F,16
2020-04-05,Flanders,85+,M,36
2020-04-05,Flanders,85+,F,37
2020-04-05,Brussels,25-44,M,2
2020-04-05,Brussels,45-64,M,3
2020-04-05,Brussels,45-64,F,1
2020-04-05,Brussels,65-74,M,2
2020-04-05,Brussels,65-74,F,2
2020-04-05,Brussels,75-84,M,8
2020-04-05,Brussels,75-84,F,5
2020-04-05,Brussels,85+,M,2
2020-04-05,Brussels,85+,F,12
2020-04-05,Wallonia,45-64,M,4
2020-04-05,Wallonia,65-74,M,11
2020-04-05,Wallonia,65-74,F,5
2020-04-05,Wallonia,75-84,M,13
2020-04-05,Wallonia,75-84,F,9
2020-04-05,Wallonia,85+,M,18
2020-04-05,Wallonia,85+,F,25
2020-04-06,Flanders,25-44,M,1
2020-04-06,Flanders,45-64,M,2
2020-04-06,Flanders,45-64,F,2
2020-04-06,Flanders,65-74,M,10
2020-04-06,Flanders,65-74,F,3
2020-04-06,Flanders,75-84,M,16
2020-04-06,Flanders,75-84,F,18
2020-04-06,Flanders,85+,M,32
2020-04-06,Flanders,85+,F,42
2020-04-06,Brussels,45-64,M,3
2020-04-06,Brussels,45-64,F,2
2020-04-06,Brussels,65-74,M,4
2020-04-06,Brussels,65-74,F,2
2020-04-06,Brussels,75-84,M,10
2020-04-06,Brussels,75-84,F,7
2020-04-06,Brussels,85+,M,9
2020-04-06,Brussels,85+,F,10
2020-04-06,Wallonia,45-64,M,1
2020-04-06,Wallonia,45-64,F,1
2020-04-06,Wallonia,65-74,M,6
2020-04-06,Wallonia,65-74,F,4
2020-04-06,Wallonia,75-84,M,12
2020-04-06,Wallonia,75-84,F,9
2020-04-06,Wallonia,85+,M,20
2020-04-06,Wallonia,85+,F,31
2020-04-07,Flanders,45-64,M,1
2020-04-07,Flanders,45-64,F,2
2020-04-07,Flanders,65-74,M,6
2020-04-07,Flanders,65-74,F,4
2020-04-07,Flanders,75-84,M,17
2020-04-07,Flanders,75-84,F,26
2020-04-07,Flanders,85+,M,23
2020-04-07,Flanders,85+,F,48
2020-04-07,Brussels,45-64,M,3
2020-04-07,Brussels,45-64,F,1
2020-04-07,Brussels,65-74,M,4
2020-04-07,Brussels,65-74,F,3
2020-04-07,Brussels,75-84,M,11
2020-04-07,Brussels,75-84,F,8
2020-04-07,Brussels,85+,M,7
2020-04-07,Brussels,85+,F,9
2020-04-07,Wallonia,25-44,M,1
2020-04-07,Wallonia,25-44,F,1
2020-04-07,Wallonia,45-64,M,3
2020-04-07,Wallonia,45-64,F,2
2020-04-07,Wallonia,65-74,M,7
2020-04-07,Wallonia,65-74,F,1
2020-04-07,Wallonia,75-84,M,20
2020-04-07,Wallonia,75-84,F,12
2020-04-07,Wallonia,85+,M,20
2020-04-07,Wallonia,85+,F,37
2020-04-08,Flanders,25-44,M,1
2020-04-08,Flanders,45-64,M,3
2020-04-08,Flanders,45-64,F,2
2020-04-08,Flanders,65-74,M,10
2020-04-08,Flanders,65-74,F,7
2020-04-08,Flanders,75-84,M,19
2020-04-08,Flanders,75-84,F,25
2020-04-08,Flanders,85+,M,34
2020-04-08,Flanders,85+,F,54
2020-04-08,Brussels,45-64,F,1
2020-04-08,Brussels,65-74,M,2
2020-04-08,Brussels,65-74,F,2
2020-04-08,Brussels,75-84,M,12
2020-04-08,Brussels,75-84,F,8
2020-04-08,Brussels,85+,M,9
2020-04-08,Brussels,85+,F,19
2020-04-08,Wallonia,45-64,M,3
2020-04-08,Wallonia,45-64,F,3
2020-04-08,Wallonia,65-74,M,6
2020-04-08,Wallonia,65-74,F,4
2020-04-08,Wallonia,75-84,M,11
2020-04-08,Wallonia,75-84,F,24
2020-04-08,Wallonia,85+,M,25
2020-04-08,Wallonia,85+,F,37
2020-04-09,Flanders,25-44,F,1
2020-04-09,Flanders,45-64,M,1
2020-04-09,Flanders,45-64,F,1
2020-04-09,Flanders,65-74,M,4
2020-04-09,Flanders,65-74,F,4
2020-04-09,Flanders,75-84,M,25
2020-04-09,Flanders,75-84,F,14
2020-04-09,Flanders,85+,M,26
2020-04-09,Flanders,85+,F,48
2020-04-09,Brussels,45-64,M,3
2020-04-09,Brussels,45-64,F,2
2020-04-09,Brussels,75-84,M,8
2020-04-09,Brussels,75-84,F,5
2020-04-09,Brussels,85+,M,7
2020-04-09,Brussels,85+,F,15
2020-04-09,Wallonia,45-64,M,3
2020-04-09,Wallonia,45-64,F,2
2020-04-09,Wallonia,65-74,M,12
2020-04-09,Wallonia,65-74,F,6
2020-04-09,Wallonia,75-84,M,15
2020-04-09,Wallonia,75-84,F,14
2020-04-09,Wallonia,85+,M,18
2020-04-09,Wallonia,85+,F,37
2020-04-10,Flanders,45-64,M,3
2020-04-10,Flanders,45-64,F,3
2020-04-10,Flanders,65-74,M,5
2020-04-10,Flanders,65-74,F,4
2020-04-10,Flanders,75-84,M,25
2020-04-10,Flanders,75-84,F,20
2020-04-10,Flanders,85+,M,33
2020-04-10,Flanders,85+,F,49
2020-04-10,Brussels,45-64,M,1
2020-04-10,Brussels,65-74,M,2
2020-04-10,Brussels,65-74,F,1
2020-04-10,Brussels,75-84,M,14
2020-04-10,Brussels,75-84,F,11
2020-04-10,Brussels,85+,M,15
2020-04-10,Brussels,85+,F,11
2020-04-10,Wallonia,45-64,M,4
2020-04-10,Wallonia,65-74,M,6
2020-04-10,Wallonia,65-74,F,8
2020-04-10,Wallonia,75-84,M,12
2020-04-10,Wallonia,75-84,F,17
2020-04-10,Wallonia,85+,M,21
2020-04-10,Wallonia,85+,F,37
2020-04-11,Flanders,45-64,M,2
2020-04-11,Flanders,45-64,F,2
2020-04-11,Flanders,65-74,M,4
2020-04-11,Flanders,65-74,F,2
2020-04-11,Flanders,75-84,M,20
2020-04-11,Flanders,75-84,F,16
2020-04-11,Flanders,85+,M,31
2020-04-11,Flanders,85+,F,41
2020-04-11,Flanders,,,2
2020-04-11,Brussels,45-64,M,1
2020-04-11,Brussels,65-74,M,2
2020-04-11,Brussels,75-84,M,4
2020-04-11,Brussels,75-84,F,6
2020-04-11,Brussels,85+,M,10
2020-04-11,Brussels,85+,F,11
2020-04-11,Wallonia,45-64,M,6
2020-04-11,Wallonia,45-64,F,5
2020-04-11,Wallonia,65-74,M,8
2020-04-11,Wallonia,65-74,F,11
2020-04-11,Wallonia,75-84,M,16
2020-04-11,Wallonia,75-84,F,13
2020-04-11,Wallonia,85+,M,22
2020-04-11,Wallonia,85+,F,50
2020-04-12,Flanders,45-64,M,4
2020-04-12,Flanders,45-64,F,2
2020-04-12,Flanders,65-74,M,6
2020-04-12,Flanders,65-74,F,1
2020-04-12,Flanders,75-84,M,25
2020-04-12,Flanders,75-84,F,15
2020-04-12,Flanders,85+,M,36
2020-04-12,Flanders,85+,F,34
2020-04-12,Brussels,25-44,M,1
2020-04-12,Brussels,45-64,M,3
2020-04-12,Brussels,45-64,F,1
2020-04-12,Brussels,65-74,M,7
2020-04-12,Brussels,65-74,F,1
2020-04-12,Brussels,75-84,M,7
2020-04-12,Brussels,75-84,F,6
2020-04-12,Brussels,85+,M,4
2020-04-12,Brussels,85+,F,13
2020-04-12,Wallonia,45-64,M,4
2020-04-12,Wallonia,45-64,F,4
2020-04-12,Wallonia,65-74,M,7
2020-04-12,Wallonia,65-74,F,2
2020-04-12,Wallonia,75-84,M,13
2020-04-12,Wallonia,75-84,F,15
2020-04-12,Wallonia,85+,M,20
2020-04-12,Wallonia,85+,F,34
2020-04-13,Flanders,45-64,M,7
2020-04-13,Flanders,45-64,F,4
2020-04-13,Flanders,65-74,M,6
2020-04-13,Flanders,65-74,F,5
2020-04-13,Flanders,75-84,M,20
2020-04-13,Flanders,75-84,F,20
2020-04-13,Flanders,85+,M,37
2020-04-13,Flanders,85+,F,51
2020-04-13,Brussels,25-44,M,1
2020-04-13,Brussels,65-74,M,5
2020-04-13,Brussels,65-74,F,1
2020-04-13,Brussels,75-84,M,4
2020-04-13,Brussels,75-84,F,5
2020-04-13,Brussels,85+,M,7
2020-04-13,Brussels,85+,F,12
2020-04-13,Wallonia,45-64,M,4
2020-04-13,Wallonia,45-64,F,2
2020-04-13,Wallonia,65-74,M,8
2020-04-13,Wallonia,65-74,F,1
2020-04-13,Wallonia,75-84,M,14
2020-04-13,Wallonia,75-84,F,19
2020-04-13,Wallonia,85+,M,18
2020-04-13,Wallonia,85+,F,26
2020-04-14,Flanders,45-64,M,1
2020-04-14,Flanders,45-64,F,1
2020-04-14,Flanders,65-74,M,3
2020-04-14,Flanders,65-74,F,8
2020-04-14,Flanders,75-84,M,36
2020-04-14,Flanders,75-84,F,19
2020-04-14,Flanders,85+,M,26
2020-04-14,Flanders,85+,F,41
2020-04-14,Brussels,25-44,M,1
2020-04-14,Brussels,45-64,M,1
2020-04-14,Brussels,45-64,F,2
2020-04-14,Brussels,65-74,M,1
2020-04-14,Brussels,65-74,F,1
2020-04-14,Brussels,75-84,M,5
2020-04-14,Brussels,75-84,F,4
2020-04-14,Brussels,85+,M,13
2020-04-14,Brussels,85+,F,14
2020-04-14,Wallonia,45-64,M,4
2020-04-14,Wallonia,45-64,F,3
2020-04-14,Wallonia,65-74,M,5
2020-04-14,Wallonia,75-84,M,13
2020-04-14,Wallonia,75-84,F,13
2020-04-14,Wallonia,85+,M,13
2020-04-14,Wallonia,85+,F,33
2020-04-15,Flanders,45-64,F,2
2020-04-15,Flanders,65-74,M,6
2020-04-15,Flanders,65-74,F,8
2020-04-15,Flanders,75-84,M,26
2020-04-15,Flanders,75-84,F,14
2020-04-15,Flanders,85+,M,42
2020-04-15,Flanders,85+,F,43
2020-04-15,Flanders,,,2
2020-04-15,Brussels,45-64,M,3
2020-04-15,Brussels,65-74,M,4
2020-04-15,Brussels,65-74,F,4
2020-04-15,Brussels,75-84,M,2
2020-04-15,Brussels,75-84,F,1
2020-04-15,Brussels,85+,M,12
2020-04-15,Brussels,85+,F,22
2020-04-15,Wallonia,45-64,M,10
2020-04-15,Wallonia,65-74,M,4
2020-04-15,Wallonia,65-74,F,5
2020-04-15,Wallonia,75-84,M,11
2020-04-15,Wallonia,75-84,F,11
2020-04-15,Wallonia,85+,M,20
2020-04-15,Wallonia,85+,F,28
2020-04-16,Flanders,45-64,M,3
2020-04-16,Flanders,65-74,M,3
2020-04-16,Flanders,65-74,F,8
2020-04-16,Flanders,75-84,M,18
2020-04-16,Flanders,75-84,F,22
2020-04-16,Flanders,85+,M,34
2020-04-16,Flanders,85+,F,37
2020-04-16,Flanders,,,1
2020-04-16,Brussels,45-64,M,1
2020-04-16,Brussels,45-64,F,1
2020-04-16,Brussels,75-84,M,5
2020-04-16,Brussels,75-84,F,6
2020-04-16,Brussels,85+,M,9
2020-04-16,Brussels,85+,F,12
2020-04-16,Wallonia,45-64,F,2
2020-04-16,Wallonia,65-74,M,12
2020-04-16,Wallonia,65-74,F,2
2020-04-16,Wallonia,75-84,M,13
2020-04-16,Wallonia,75-84,F,8
2020-04-16,Wallonia,85+,M,14
2020-04-16,Wallonia,85+,F,34
2020-04-16,Wallonia,85+,,1
2020-04-17,Flanders,45-64,M,1
2020-04-17,Flanders,45-64,F,1
2020-04-17,Flanders,65-74,M,8
2020-04-17,Flanders,65-74,F,5
2020-04-17,Flanders,75-84,M,13
2020-04-17,Flanders,75-84,F,14
2020-04-17,Flanders,85+,M,22
2020-04-17,Flanders,85+,F,37
2020-04-17,Brussels,45-64,M,1
2020-04-17,Brussels,45-64,F,2
2020-04-17,Brussels,65-74,M,6
2020-04-17,Brussels,65-74,F,1
2020-04-17,Brussels,75-84,M,2
2020-04-17,Brussels,75-84,F,2
2020-04-17,Brussels,85+,M,5
2020-04-17,Brussels,85+,F,20
2020-04-17,Wallonia,45-64,M,2
2020-04-17,Wallonia,45-64,F,1
2020-04-17,Wallonia,65-74,M,8
2020-04-17,Wallonia,65-74,F,3
2020-04-17,Wallonia,75-84,M,5
2020-04-17,Wallonia,75-84,F,4
2020-04-17,Wallonia,85+,M,14
2020-04-17,Wallonia,85+,F,28
2020-04-18,Flanders,45-64,M,3
2020-04-18,Flanders,65-74,M,6
2020-04-18,Flanders,65-74,F,5
2020-04-18,Flanders,75-84,M,9
2020-04-18,Flanders,75-84,F,13
2020-04-18,Flanders,85+,M,12
2020-04-18,Flanders,85+,F,37
2020-04-18,Brussels,45-64,M,1
2020-04-18,Brussels,45-64,F,1
2020-04-18,Brussels,65-74,M,2
2020-04-18,Brussels,65-74,F,1
2020-04-18,Brussels,75-84,M,5
2020-04-18,Brussels,75-84,F,2
2020-04-18,Brussels,85+,M,6
2020-04-18,Brussels,85+,F,17
2020-04-18,Wallonia,25-44,M,1
2020-04-18,Wallonia,45-64,M,1
2020-04-18,Wallonia,45-64,F,2
2020-04-18,Wallonia,65-74,M,9
2020-04-18,Wallonia,65-74,F,6
2020-04-18,Wallonia,75-84,M,9
2020-04-18,Wallonia,75-84,F,12
2020-04-18,Wallonia,85+,M,15
2020-04-18,Wallonia,85+,F,33
2020-04-19,Flanders,45-64,M,1
2020-04-19,Flanders,65-74,M,3
2020-04-19,Flanders,65-74,F,3
2020-04-19,Flanders,75-84,M,16
2020-04-19,Flanders,75-84,F,19
2020-04-19,Flanders,85+,M,28
2020-04-19,Flanders,85+,F,38
2020-04-19,Brussels,65-74,M,1
2020-04-19,Brussels,65-74,F,1
2020-04-19,Brussels,75-84,M,5
2020-04-19,Brussels,75-84,F,3
2020-04-19,Brussels,85+,M,3
2020-04-19,Brussels,85+,F,10
2020-04-19,Wallonia,25-44,M,1
2020-04-19,Wallonia,45-64,M,2
2020-04-19,Wallonia,65-74,M,4
2020-04-19,Wallonia,65-74,F,2
2020-04-19,Wallonia,75-84,M,11
2020-04-19,Wallonia,75-84,F,7
2020-04-19,Wallonia,85+,M,9
2020-04-19,Wallonia,85+,F,23
2020-04-20,Flanders,45-64,M,3
2020-04-20,Flanders,65-74,M,8
2020-04-20,Flanders,65-74,F,1
2020-04-20,Flanders,75-84,M,20
2020-04-20,Flanders,75-84,F,16
2020-04-20,Flanders,85+,M,26
2020-04-20,Flanders,85+,F,28
2020-04-20,Flanders,,,1
2020-04-20,Brussels,25-44,M,1
2020-04-20,Brussels,45-64,M,1
2020-04-20,Brussels,45-64,F,1
2020-04-20,Brussels,65-74,M,2
2020-04-20,Brussels,65-74,F,3
2020-04-20,Brussels,75-84,M,3
2020-04-20,Brussels,75-84,F,5
2020-04-20,Brussels,85+,M,9
2020-04-20,Brussels,85+,F,8
2020-04-20,Wallonia,45-64,M,2
2020-04-20,Wallonia,45-64,F,2
2020-04-20,Wallonia,65-74,M,2
2020-04-20,Wallonia,65-74,F,5
2020-04-20,Wallonia,75-84,M,11
2020-04-20,Wallonia,75-84,F,9
2020-04-20,Wallonia,85+,M,14
2020-04-20,Wallonia,85+,F,25
2020-04-21,Flanders,45-64,M,1
2020-04-21,Flanders,45-64,F,1
2020-04-21,Flanders,65-74,M,5
2020-04-21,Flanders,65-74,F,3
2020-04-21,Flanders,75-84,M,14
2020-04-21,Flanders,75-84,F,15
2020-04-21,Flanders,85+,M,21
2020-04-21,Flanders,85+,F,41
2020-04-21,Brussels,65-74,F,2
2020-04-21,Brussels,75-84,M,3
2020-04-21,Brussels,75-84,F,5
2020-04-21,Brussels,85+,M,6
2020-04-21,Brussels,85+,F,10
2020-04-21,Wallonia,45-64,M,2
2020-04-21,Wallonia,45-64,F,1
2020-04-21,Wallonia,65-74,M,5
2020-04-21,Wallonia,65-74,F,3
2020-04-21,Wallonia,75-84,M,9
2020-04-21,Wallonia,75-84,F,7
2020-04-21,Wallonia,85+,M,17
2020-04-21,Wallonia,85+,F,32
2020-04-22,Flanders,45-64,M,1
2020-04-22,Flanders,45-64,F,1
2020-04-22,Flanders,65-74,M,3
2020-04-22,Flanders,65-74,F,1
2020-04-22,Flanders,75-84,M,17
2020-04-22,Flanders,75-84,F,8
2020-04-22,Flanders,85+,M,18
2020-04-22,Flanders,85+,F,40
2020-04-22,Brussels,45-64,F,2
2020-04-22,Brussels,65-74,M,6
2020-04-22,Brussels,75-84,M,3
2020-04-22,Brussels,75-84,F,5
2020-04-22,Brussels,85+,M,5
2020-04-22,Brussels,85+,F,5
2020-04-22,Wallonia,45-64,M,6
2020-04-22,Wallonia,45-64,F,1
2020-04-22,Wallonia,65-74,M,2
2020-04-22,Wallonia,65-74,F,2
2020-04-22,Wallonia,75-84,M,12
2020-04-22,Wallonia,75-84,F,11
2020-04-22,Wallonia,85+,M,13
2020-04-22,Wallonia,85+,F,19
2020-04-23,Flanders,45-64,M,1
2020-04-23,Flanders,45-64,F,1
2020-04-23,Flanders,65-74,M,12
2020-04-23,Flanders,65-74,F,1
2020-04-23,Flanders,75-84,M,5
2020-04-23,Flanders,75-84,F,9
2020-04-23,Flanders,85+,M,14
2020-04-23,Flanders,85+,F,29
2020-04-23,Brussels,45-64,M,1
2020-04-23,Brussels,65-74,M,1
2020-04-23,Brussels,75-84,M,3
2020-04-23,Brussels,75-84,F,1
2020-04-23,Brussels,85+,M,3
2020-04-23,Brussels,85+,F,12
2020-04-23,Wallonia,45-64,M,5
2020-04-23,Wallonia,45-64,F,2
2020-04-23,Wallonia,65-74,M,2
2020-04-23,Wallonia,65-74,F,5
2020-04-23,Wallonia,75-84,M,8
2020-04-23,Wallonia,75-84,F,4
2020-04-23,Wallonia,85+,M,6
2020-04-23,Wallonia,85+,F,31
2020-04-24,Flanders,45-64,M,2
2020-04-24,Flanders,65-74,M,4
2020-04-24,Flanders,65-74,F,6
2020-04-24,Flanders,75-84,M,9
2020-04-24,Flanders,75-84,F,15
2020-04-24,Flanders,85+,M,10
2020-04-24,Flanders,85+,F,31
2020-04-24,Brussels,45-64,M,3
2020-04-24,Brussels,65-74,M,2
2020-04-24,Brussels,65-74,F,2
2020-04-24,Brussels,75-84,M,4
2020-04-24,Brussels,75-84,F,3
2020-04-24,Brussels,85+,M,3
2020-04-24,Brussels,85+,F,15
2020-04-24,Wallonia,45-64,M,3
2020-04-24,Wallonia,65-74,M,4
2020-04-24,Wallonia,65-74,F,2
2020-04-24,Wallonia,75-84,M,2
2020-04-24,Wallonia,75-84,F,8
2020-04-24,Wallonia,85+,M,5
2020-04-24,Wallonia,85+,F,22
2020-04-25,Flanders,45-64,M,1
2020-04-25,Flanders,45-64,F,1
2020-04-25,Flanders,65-74,M,7
2020-04-25,Flanders,65-74,F,1
2020-04-25,Flanders,75-84,M,11
2020-04-25,Flanders,75-84,F,9
2020-04-25,Flanders,85+,M,16
2020-04-25,Flanders,85+,F,22
2020-04-25,Flanders,,,1
2020-04-25,Brussels,25-44,M,1
2020-04-25,Brussels,45-64,M,1
2020-04-25,Brussels,65-74,M,2
2020-04-25,Brussels,75-84,M,1
2020-04-25,Brussels,85+,M,4
2020-04-25,Brussels,85+,F,5
2020-04-25,Wallonia,45-64,M,4
2020-04-25,Wallonia,65-74,M,7
2020-04-25,Wallonia,65-74,F,3
2020-04-25,Wallonia,75-84,M,9
2020-04-25,Wallonia,75-84,F,13
2020-04-25,Wallonia,85+,M,7
2020-04-25,Wallonia,85+,F,16
2020-04-26,Flanders,45-64,M,3
2020-04-26,Flanders,45-64,F,1
2020-04-26,Flanders,65-74,M,1
2020-04-26,Flanders,65-74,F,4
2020-04-26,Flanders,75-84,M,9
2020-04-26,Flanders,75-84,F,14
2020-04-26,Flanders,85+,M,18
2020-04-26,Flanders,85+,F,29
2020-04-26,Flanders,,,1
2020-04-26,Brussels,25-44,M,1
2020-04-26,Brussels,45-64,M,2
2020-04-26,Brussels,65-74,M,3
2020-04-26,Brussels,65-74,F,1
2020-04-26,Brussels,75-84,M,6
2020-04-26,Brussels,75-84,F,3
2020-04-26,Brussels,85+,M,5
2020-04-26,Brussels,85+,F,6
2020-04-26,Wallonia,45-64,M,6
2020-04-26,Wallonia,45-64,F,1
2020-04-26,Wallonia,65-74,M,1
2020-04-26,Wallonia,65-74,F,3
2020-04-26,Wallonia,75-84,M,8
2020-04-26,Wallonia,75-84,F,6
2020-04-26,Wallonia,85+,M,4
2020-04-26,Wallonia,85+,F,18
2020-04-27,Flanders,45-64,M,3
2020-04-27,Flanders,45-64,F,2
2020-04-27,Flanders,65-74,M,5
2020-04-27,Flanders,65-74,F,1
2020-04-27,Flanders,75-84,M,6
2020-04-27,Flanders,75-84,F,9
2020-04-27,Flanders,85+,M,21
2020-04-27,Flanders,85+,F,26
2020-04-27,Brussels,45-64,M,3
2020-04-27,Brussels,65-74,M,3
2020-04-27,Brussels,65-74,F,2
2020-04-27,Brussels,75-84,M,3
2020-04-27,Brussels,75-84,F,1
2020-04-27,Brussels,85+,M,4
2020-04-27,Brussels,85+,F,4
2020-04-27,Wallonia,45-64,F,1
2020-04-27,Wallonia,65-74,M,3
2020-04-27,Wallonia,65-74,F,2
2020-04-27,Wallonia,75-84,M,5
2020-04-27,Wallonia,75-84,F,7
2020-04-27,Wallonia,85+,M,4
2020-04-27,Wallonia,85+,F,20
2020-04-28,Flanders,45-64,M,1
2020-04-28,Flanders,65-74,M,6
2020-04-28,Flanders,65-74,F,1
2020-04-28,Flanders,75-84,M,9
2020-04-28,Flanders,75-84,F,8
2020-04-28,Flanders,85+,M,9
2020-04-28,Flanders,85+,F,16
2020-04-28,Brussels,45-64,M,1
2020-04-28,Brussels,65-74,M,3
2020-04-28,Brussels,65-74,F,1
2020-04-28,Brussels,75-84,M,2
2020-04-28,Brussels,75-84,F,1
2020-04-28,Brussels,85+,M,2
2020-04-28,Brussels,85+,F,5
2020-04-28,Wallonia,45-64,M,3
2020-04-28,Wallonia,45-64,F,1
2020-04-28,Wallonia,65-74,M,3
2020-04-28,Wallonia,65-74,F,5
2020-04-28,Wallonia,75-84,M,7
2020-04-28,Wallonia,75-84,F,3
2020-04-28,Wallonia,85+,M,6
2020-04-28,Wallonia,85+,F,17
2020-04-29,Flanders,25-44,F,1
2020-04-29,Flanders,45-64,M,1
2020-04-29,Flanders,45-64,F,1
2020-04-29,Flanders,65-74,M,1
2020-04-29,Flanders,65-74,F,3
2020-04-29,Flanders,75-84,M,4
2020-04-29,Flanders,75-84,F,6
2020-04-29,Flanders,85+,M,14
2020-04-29,Flanders,85+,F,31
2020-04-29,Brussels,65-74,M,1
2020-04-29,Brussels,65-74,F,1
2020-04-29,Brussels,75-84,F,1
2020-04-29,Brussels,85+,M,1
2020-04-29,Brussels,85+,F,5
2020-04-29,Wallonia,45-64,M,3
2020-04-29,Wallonia,45-64,F,1
2020-04-29,Wallonia,65-74,M,3
2020-04-29,Wallonia,65-74,F,1
2020-04-29,Wallonia,75-84,M,2
2020-04-29,Wallonia,75-84,F,2
2020-04-29,Wallonia,85+,M,5
2020-04-29,Wallonia,85+,F,19
2020-04-30,Flanders,25-44,M,1
2020-04-30,Flanders,45-64,M,2
2020-04-30,Flanders,65-74,M,4
2020-04-30,Flanders,75-84,M,3
2020-04-30,Flanders,75-84,F,5
2020-04-30,Flanders,85+,M,10
2020-04-30,Flanders,85+,F,15
2020-04-30,Brussels,45-64,M,2
2020-04-30,Brussels,45-64,F,1
2020-04-30,Brussels,65-74,F,1
2020-04-30,Brussels,75-84,M,4
2020-04-30,Brussels,75-84,F,1
2020-04-30,Brussels,85+,M,3
2020-04-30,Brussels,85+,F,4
2020-04-30,Wallonia,65-74,M,3
2020-04-30,Wallonia,75-84,M,1
2020-04-30,Wallonia,75-84,F,3
2020-04-30,Wallonia,85+,M,9
2020-04-30,Wallonia,85+,F,15
2020-05-01,Flanders,45-64,F,2
2020-05-01,Flanders,65-74,M,7
2020-05-01,Flanders,65-74,F,1
2020-05-01,Flanders,75-84,M,6
2020-05-01,Flanders,75-84,F,7
2020-05-01,Flanders,85+,M,5
2020-05-01,Flanders,85+,F,18
2020-05-01,Brussels,45-64,M,1
2020-05-01,Brussels,65-74,M,4
2020-05-01,Brussels,65-74,F,1
2020-05-01,Brussels,75-84,M,1
2020-05-01,Brussels,75-84,F,2
2020-05-01,Brussels,85+,M,2
2020-05-01,Brussels,85+,F,3
2020-05-01,Wallonia,45-64,M,1
2020-05-01,Wallonia,65-74,M,2
2020-05-01,Wallonia,65-74,F,2
2020-05-01,Wallonia,75-84,M,2
2020-05-01,Wallonia,75-84,F,4
2020-05-01,Wallonia,85+,M,6
2020-05-01,Wallonia,85+,F,16
2020-05-02,Flanders,45-64,M,1
2020-05-02,Flanders,45-64,F,1
2020-05-02,Flanders,65-74,M,1
2020-05-02,Flanders,65-74,F,1
2020-05-02,Flanders,75-84,M,7
2020-05-02,Flanders,75-84,F,2
2020-05-02,Flanders,85+,M,8
2020-05-02,Flanders,85+,F,17
2020-05-02,Brussels,25-44,F,2
2020-05-02,Brussels,45-64,F,1
2020-05-02,Brussels,65-74,M,1
2020-05-02,Brussels,65-74,F,1
2020-05-02,Brussels,75-84,M,2
2020-05-02,Brussels,75-84,F,2
2020-05-02,Brussels,85+,M,1
2020-05-02,Brussels,85+,F,2
2020-05-02,Wallonia,45-64,M,1
2020-05-02,Wallonia,65-74,M,2
2020-05-02,Wallonia,65-74,F,1
2020-05-02,Wallonia,75-84,M,3
2020-05-02,Wallonia,75-84,F,3
2020-05-02,Wallonia,85+,M,1
2020-05-02,Wallonia,85+,F,14
2020-05-03,Flanders,45-64,M,1
2020-05-03,Flanders,65-74,M,5
2020-05-03,Flanders,65-74,F,2
2020-05-03,Flanders,75-84,M,8
2020-05-03,Flanders,75-84,F,4
2020-05-03,Flanders,85+,M,6
2020-05-03,Flanders,85+,F,20
2020-05-03,Brussels,45-64,M,2
2020-05-03,Brussels,45-64,F,1
2020-05-03,Brussels,65-74,M,2
2020-05-03,Brussels,65-74,F,1
2020-05-03,Brussels,75-84,M,4
2020-05-03,Brussels,75-84,F,1
2020-05-03,Brussels,85+,M,1
2020-05-03,Wallonia,45-64,M,2
2020-05-03,Wallonia,65-74,M,5
2020-05-03,Wallonia,65-74,F,1
2020-05-03,Wallonia,75-84,M,5
2020-05-03,Wallonia,75-84,F,7
2020-05-03,Wallonia,85+,M,5
2020-05-03,Wallonia,85+,F,11
2020-05-04,Flanders,45-64,M,1
2020-05-04,Flanders,45-64,F,1
2020-05-04,Flanders,65-74,M,4
2020-05-04,Flanders,65-74,F,1
2020-05-04,Flanders,75-84,M,4
2020-05-04,Flanders,75-84,F,4
2020-05-04,Flanders,85+,M,8
2020-05-04,Flanders,85+,F,17
2020-05-04,Brussels,45-64,F,1
2020-05-04,Brussels,65-74,F,2
2020-05-04,Brussels,75-84,M,2
2020-05-04,Brussels,75-84,F,4
2020-05-04,Brussels,85+,M,3
2020-05-04,Brussels,85+,F,7
2020-05-04,Wallonia,45-64,M,1
2020-05-04,Wallonia,65-74,M,4
2020-05-04,Wallonia,75-84,M,5
2020-05-04,Wallonia,75-84,F,3
2020-05-04,Wallonia,85+,M,11
2020-05-04,Wallonia,85+,F,12
2020-05-05,Flanders,65-74,M,3
2020-05-05,Flanders,75-84,M,6
2020-05-05,Flanders,75-84,F,5
2020-05-05,Flanders,85+,M,14
2020-05-05,Flanders,85+,F,15
2020-05-05,Flanders,,,2
2020-05-05,Brussels,75-84,M,1
2020-05-05,Brussels,85+,M,1
2020-05-05,Brussels,85+,F,3
2020-05-05,Wallonia,45-64,F,1
2020-05-05,Wallonia,65-74,M,5
2020-05-05,Wallonia,65-74,F,2
2020-05-05,Wallonia,75-84,M,5
2020-05-05,Wallonia,75-84,F,5
2020-05-05,Wallonia,85+,M,5
2020-05-05,Wallonia,85+,F,8
2020-05-06,Flanders,45-64,M,1
2020-05-06,Flanders,65-74,M,4
2020-05-06,Flanders,65-74,F,2
2020-05-06,Flanders,75-84,M,6
2020-05-06,Flanders,75-84,F,6
2020-05-06,Flanders,85+,M,14
2020-05-06,Flanders,85+,F,19
2020-05-06,Brussels,45-64,M,2
2020-05-06,Brussels,65-74,M,1
2020-05-06,Brussels,75-84,F,1
2020-05-06,Brussels,85+,M,1
2020-05-06,Brussels,85+,F,2
2020-05-06,Wallonia,65-74,M,4
2020-05-06,Wallonia,65-74,F,1
2020-05-06,Wallonia,75-84,M,1
2020-05-06,Wallonia,75-84,F,2
2020-05-06,Wallonia,85+,M,3
2020-05-06,Wallonia,85+,F,6
2020-05-07,Flanders,45-64,M,1
2020-05-07,Flanders,45-64,F,1
2020-05-07,Flanders,65-74,M,4
2020-05-07,Flanders,65-74,F,1
2020-05-07,Flanders,75-84,M,2
2020-05-07,Flanders,75-84,F,4
2020-05-07,Flanders,85+,M,9
2020-05-07,Flanders,85+,F,17
2020-05-07,Brussels,45-64,F,1
2020-05-07,Brussels,65-74,M,1
2020-05-07,Brussels,65-74,F,1
2020-05-07,Brussels,75-84,M,1
2020-05-07,Brussels,75-84,F,1
2020-05-07,Brussels,85+,F,1
2020-05-07,Wallonia,45-64,M,1
2020-05-07,Wallonia,65-74,M,1
2020-05-07,Wallonia,75-84,M,5
2020-05-07,Wallonia,75-84,F,2
2020-05-07,Wallonia,85+,M,4
2020-05-07,Wallonia,85+,F,13
2020-05-08,Flanders,65-74,M,1
2020-05-08,Flanders,65-74,F,2
2020-05-08,Flanders,75-84,M,6
2020-05-08,Flanders,75-84,F,6
2020-05-08,Flanders,85+,M,11
2020-05-08,Flanders,85+,F,13
2020-05-08,Brussels,45-64,F,1
2020-05-08,Brussels,75-84,M,3
2020-05-08,Brussels,75-84,F,1
2020-05-08,Brussels,85+,M,2
2020-05-08,Brussels,85+,F,3
2020-05-08,Wallonia,25-44,F,1
2020-05-08,Wallonia,45-64,M,2
2020-05-08,Wallonia,45-64,F,1
2020-05-08,Wallonia,65-74,M,1
2020-05-08,Wallonia,75-84,M,5
2020-05-08,Wallonia,75-84,F,3
2020-05-08,Wallonia,85+,M,4
2020-05-08,Wallonia,85+,F,8
2020-05-09,Flanders,65-74,M,1
2020-05-09,Flanders,75-84,M,5
2020-05-09,Flanders,75-84,F,4
2020-05-09,Flanders,85+,M,9
2020-05-09,Flanders,85+,F,15
2020-05-09,Brussels,45-64,M,2
2020-05-09,Brussels,45-64,F,4
2020-05-09,Brussels,65-74,M,2
2020-05-09,Brussels,75-84,M,2
2020-05-09,Brussels,75-84,F,3
2020-05-09,Brussels,85+,M,1
2020-05-09,Brussels,85+,F,4
2020-05-09,Wallonia,75-84,M,4
2020-05-09,Wallonia,85+,M,3
2020-05-09,Wallonia,85+,F,12
2020-05-10,Flanders,65-74,F,1
2020-05-10,Flanders,75-84,M,6
2020-05-10,Flanders,75-84,F,10
2020-05-10,Flanders,85+,M,14
2020-05-10,Flanders,85+,F,12
2020-05-10,Brussels,45-64,M,1
2020-05-10,Brussels,85+,M,1
2020-05-10,Brussels,85+,F,2
2020-05-10,Wallonia,45-64,M,1
2020-05-10,Wallonia,65-74,M,1
2020-05-10,Wallonia,65-74,F,1
2020-05-10,Wallonia,75-84,M,4
2020-05-10,Wallonia,75-84,F,3
2020-05-10,Wallonia,85+,M,4
2020-05-10,Wallonia,85+,F,11
2020-05-11,Flanders,45-64,F,1
2020-05-11,Flanders,65-74,M,2
2020-05-11,Flanders,65-74,F,1
2020-05-11,Flanders,75-84,M,4
2020-05-11,Flanders,75-84,F,5
2020-05-11,Flanders,85+,M,9
2020-05-11,Flanders,85+,F,14
2020-05-11,Brussels,45-64,M,2
2020-05-11,Brussels,65-74,M,1
2020-05-11,Brussels,75-84,M,2
2020-05-11,Brussels,75-84,F,1
2020-05-11,Brussels,85+,M,1
2020-05-11,Wallonia,45-64,M,1
2020-05-11,Wallonia,45-64,F,1
2020-05-11,Wallonia,65-74,M,2
2020-05-11,Wallonia,75-84,M,3
2020-05-11,Wallonia,75-84,F,4
2020-05-11,Wallonia,85+,M,4
2020-05-11,Wallonia,85+,F,7
2020-05-12,Flanders,25-44,M,1
2020-05-12,Flanders,45-64,M,2
2020-05-12,Flanders,65-74,M,1
2020-05-12,Flanders,75-84,M,1
2020-05-12,Flanders,75-84,F,4
2020-05-12,Flanders,85+,M,5
2020-05-12,Flanders,85+,F,6
2020-05-12,Brussels,45-64,M,1
2020-05-12,Brussels,65-74,M,1
2020-05-12,Brussels,75-84,M,2
2020-05-12,Brussels,75-84,F,1
2020-05-12,Brussels,85+,F,2
2020-05-12,Wallonia,45-64,M,1
2020-05-12,Wallonia,45-64,F,1
2020-05-12,Wallonia,75-84,M,4
2020-05-12,Wallonia,75-84,F,2
2020-05-12,Wallonia,85+,M,2
2020-05-12,Wallonia,85+,F,8
2020-05-13,Flanders,45-64,F,1
2020-05-13,Flanders,65-74,M,5
2020-05-13,Flanders,65-74,F,2
2020-05-13,Flanders,75-84,M,4
2020-05-13,Flanders,75-84,F,2
2020-05-13,Flanders,85+,M,3
2020-05-13,Flanders,85+,F,11
2020-05-13,Brussels,75-84,M,3
2020-05-13,Brussels,75-84,F,1
2020-05-13,Brussels,85+,M,2
2020-05-13,Brussels,85+,F,2
2020-05-13,Wallonia,25-44,M,1
2020-05-13,Wallonia,45-64,M,1
2020-05-13,Wallonia,45-64,F,1
2020-05-13,Wallonia,75-84,F,4
2020-05-13,Wallonia,85+,M,4
2020-05-13,Wallonia,85+,F,9
2020-05-14,Flanders,65-74,F,2
2020-05-14,Flanders,75-84,M,2
2020-05-14,Flanders,75-84,F,4
2020-05-14,Flanders,85+,M,4
2020-05-14,Flanders,85+,F,7
2020-05-14,Flanders,,,1
2020-05-14,Brussels,45-64,M,1
2020-05-14,Brussels,45-64,F,1
2020-05-14,Brussels,65-74,F,1
2020-05-14,Brussels,75-84,M,1
2020-05-14,Brussels,75-84,F,1
2020-05-14,Brussels,85+,M,2
2020-05-14,Brussels,85+,F,1
2020-05-14,Wallonia,25-44,F,1
2020-05-14,Wallonia,45-64,M,2
2020-05-14,Wallonia,75-84,F,1
2020-05-14,Wallonia,85+,M,4
2020-05-14,Wallonia,85+,F,7
2020-05-15,Flanders,45-64,M,1
2020-05-15,Flanders,65-74,M,3
2020-05-15,Flanders,65-74,F,1
2020-05-15,Flanders,75-84,M,4
2020-05-15,Flanders,75-84,F,4
2020-05-15,Flanders,85+,M,8
2020-05-15,Flanders,85+,F,7
2020-05-15,Brussels,45-64,M,1
2020-05-15,Brussels,75-84,M,1
2020-05-15,Brussels,85+,M,3
2020-05-15,Brussels,85+,F,3
2020-05-15,Wallonia,45-64,M,1
2020-05-15,Wallonia,75-84,M,1
2020-05-15,Wallonia,75-84,F,1
2020-05-15,Wallonia,85+,M,3
2020-05-15,Wallonia,85+,F,3
2020-05-16,Flanders,25-44,F,1
2020-05-16,Flanders,45-64,M,1
2020-05-16,Flanders,65-74,F,1
2020-05-16,Flanders,75-84,M,4
2020-05-16,Flanders,85+,M,5
2020-05-16,Flanders,85+,F,3
2020-05-16,Brussels,25-44,F,1
2020-05-16,Brussels,65-74,M,1
2020-05-16,Brussels,85+,M,3
2020-05-16,Brussels,85+,F,1
2020-05-16,Wallonia,45-64,F,1
2020-05-16,Wallonia,65-74,M,1
2020-05-16,Wallonia,75-84,M,2
2020-05-16,Wallonia,75-84,F,2
2020-05-16,Wallonia,85+,M,2
2020-05-16,Wallonia,85+,F,1
2020-05-17,Flanders,65-74,M,2
2020-05-17,Flanders,75-84,M,1
2020-05-17,Flanders,75-84,F,2
2020-05-17,Flanders,85+,M,5
2020-05-17,Flanders,85+,F,7
2020-05-17,Brussels,45-64,F,1
2020-05-17,Brussels,65-74,M,1
2020-05-17,Brussels,85+,M,1
2020-05-17,Brussels,85+,F,1
2020-05-17,Wallonia,75-84,M,1
2020-05-17,Wallonia,75-84,F,1
2020-05-17,Wallonia,85+,M,3
2020-05-17,Wallonia,85+,F,5
2020-05-18,Flanders,45-64,M,3
2020-05-18,Flanders,75-84,M,4
2020-05-18,Flanders,75-84,F,1
2020-05-18,Flanders,85+,M,4
2020-05-18,Flanders,85+,F,10
2020-05-18,Brussels,75-84,M,1
2020-05-18,Brussels,85+,F,2
2020-05-18,Wallonia,45-64,F,1
2020-05-18,Wallonia,65-74,M,2
2020-05-18,Wallonia,75-84,F,1
2020-05-18,Wallonia,85+,M,3
2020-05-18,Wallonia,85+,F,5
2020-05-19,Flanders,65-74,M,2
2020-05-19,Flanders,75-84,M,3
2020-05-19,Flanders,75-84,F,2
2020-05-19,Flanders,85+,M,7
2020-05-19,Flanders,85+,F,4
2020-05-19,Brussels,45-64,M,1
2020-05-19,Brussels,65-74,M,1
2020-05-19,Brussels,85+,F,1
2020-05-19,Wallonia,65-74,M,1
2020-05-19,Wallonia,75-84,M,3
2020-05-19,Wallonia,75-84,F,1
2020-05-19,Wallonia,85+,M,2
2020-05-19,Wallonia,85+,F,5
2020-05-20,Flanders,25-44,F,1
2020-05-20,Flanders,45-64,M,2
2020-05-20,Flanders,65-74,M,2
2020-05-20,Flanders,75-84,M,3
2020-05-20,Flanders,75-84,F,2
2020-05-20,Flanders,85+,M,2
2020-05-20,Flanders,85+,F,6
2020-05-20,Brussels,45-64,F,1
2020-05-20,Brussels,85+,M,1
2020-05-20,Wallonia,45-64,F,1
2020-05-20,Wallonia,65-74,M,1
2020-05-20,Wallonia,85+,M,3
2020-05-20,Wallonia,85+,F,5
2020-05-21,Flanders,65-74,F,2
2020-05-21,Flanders,75-84,M,4
2020-05-21,Flanders,75-84,F,3
2020-05-21,Flanders,85+,M,7
2020-05-21,Flanders,85+,F,5
2020-05-21,Brussels,65-74,F,2
2020-05-21,Brussels,85+,M,1
2020-05-21,Wallonia,65-74,M,1
2020-05-21,Wallonia,65-74,F,1
2020-05-21,Wallonia,75-84,M,1
2020-05-21,Wallonia,75-84,F,2
2020-05-21,Wallonia,85+,M,1
2020-05-21,Wallonia,85+,F,4
2020-05-22,Flanders,45-64,M,2
2020-05-22,Flanders,75-84,M,3
2020-05-22,Flanders,75-84,F,3
2020-05-22,Flanders,85+,M,9
2020-05-22,Flanders,85+,F,5
2020-05-22,Brussels,75-84,F,1
2020-05-22,Brussels,85+,M,2
2020-05-22,Brussels,85+,F,2
2020-05-22,Wallonia,45-64,M,1
2020-05-22,Wallonia,65-74,M,1
2020-05-22,Wallonia,75-84,M,4
2020-05-22,Wallonia,75-84,F,2
2020-05-22,Wallonia,85+,F,6
2020-05-23,Flanders,45-64,M,1
2020-05-23,Flanders,65-74,F,1
2020-05-23,Flanders,75-84,M,1
2020-05-23,Flanders,85+,M,5
2020-05-23,Flanders,85+,F,4
2020-05-23,Brussels,75-84,M,1
2020-05-23,Brussels,85+,F,4
2020-05-23,Wallonia,65-74,M,1
2020-05-23,Wallonia,65-74,F,1
2020-05-23,Wallonia,75-84,F,3
2020-05-23,Wallonia,85+,M,2
2020-05-23,Wallonia,85+,F,1
2020-05-24,Flanders,65-74,M,1
2020-05-24,Flanders,75-84,M,1
2020-05-24,Flanders,75-84,F,3
2020-05-24,Flanders,85+,M,2
2020-05-24,Flanders,85+,F,5
2020-05-24,Brussels,45-64,M,1
2020-05-24,Brussels,65-74,F,1
2020-05-24,Brussels,75-84,M,3
2020-05-24,Wallonia,45-64,M,1
2020-05-24,Wallonia,65-74,M,2
2020-05-24,Wallonia,75-84,M,4
2020-05-24,Wallonia,75-84,F,2
2020-05-24,Wallonia,85+,M,1
2020-05-24,Wallonia,85+,F,6
2020-05-25,Flanders,75-84,M,5
2020-05-25,Flanders,75-84,F,1
2020-05-25,Flanders,85+,M,4
2020-05-25,Flanders,85+,F,6
2020-05-25,Brussels,75-84,F,2
2020-05-25,Wallonia,75-84,F,4
2020-05-25,Wallonia,85+,M,3
2020-05-25,Wallonia,85+,F,1
2020-05-26,Flanders,45-64,F,1
2020-05-26,Flanders,65-74,M,1
2020-05-26,Flanders,75-84,M,3
2020-05-26,Flanders,75-84,F,2
2020-05-26,Flanders,85+,M,2
2020-05-26,Flanders,85+,F,7
2020-05-26,Brussels,75-84,M,1
2020-05-26,Brussels,85+,F,1
2020-05-26,Wallonia,45-64,F,1
2020-05-26,Wallonia,65-74,M,2
2020-05-26,Wallonia,75-84,M,1
2020-05-26,Wallonia,85+,M,1
2020-05-26,Wallonia,85+,F,1
2020-05-27,Flanders,45-64,M,1
2020-05-27,Flanders,75-84,F,4
2020-05-27,Flanders,85+,M,4
2020-05-27,Flanders,85+,F,4
2020-05-27,Brussels,65-74,F,1
2020-05-27,Brussels,75-84,M,1
2020-05-27,Brussels,85+,M,1
2020-05-27,Brussels,85+,F,1
2020-05-27,Wallonia,45-64,M,1
2020-05-27,Wallonia,65-74,M,1
2020-05-27,Wallonia,65-74,F,1
2020-05-27,Wallonia,75-84,F,1
2020-05-27,Wallonia,85+,M,2
2020-05-27,Wallonia,85+,F,1
2020-05-28,Flanders,65-74,F,2
2020-05-28,Flanders,75-84,M,3
2020-05-28,Flanders,75-84,F,1
2020-05-28,Flanders,85+,M,1
2020-05-28,Flanders,85+,F,3
2020-05-28,Brussels,75-84,M,3
2020-05-28,Brussels,85+,F,2
2020-05-28,Wallonia,65-74,F,1
2020-05-28,Wallonia,75-84,M,4
2020-05-28,Wallonia,75-84,F,1
2020-05-28,Wallonia,85+,M,1
2020-05-28,Wallonia,85+,F,4
2020-05-29,Flanders,65-74,F,2
2020-05-29,Flanders,75-84,M,2
2020-05-29,Flanders,85+,M,2
2020-05-29,Flanders,85+,F,5
2020-05-29,Brussels,85+,M,1
2020-05-29,Wallonia,45-64,M,1
2020-05-29,Wallonia,65-74,F,1
2020-05-29,Wallonia,75-84,F,2
2020-05-30,Flanders,45-64,F,1
2020-05-30,Flanders,65-74,M,1
2020-05-30,Flanders,65-74,F,1
2020-05-30,Flanders,75-84,F,2
2020-05-30,Flanders,85+,M,2
2020-05-30,Flanders,85+,F,3
2020-05-30,Brussels,75-84,M,2
2020-05-30,Brussels,85+,M,4
2020-05-30,Wallonia,75-84,M,1
2020-05-30,Wallonia,75-84,F,3
2020-05-30,Wallonia,85+,F,3
2020-05-31,Flanders,45-64,M,1
2020-05-31,Flanders,65-74,M,2
2020-05-31,Flanders,65-74,F,1
2020-05-31,Flanders,75-84,M,2
2020-05-31,Flanders,75-84,F,4
2020-05-31,Flanders,85+,M,3
2020-05-31,Flanders,85+,F,3
2020-05-31,Brussels,85+,M,1
2020-05-31,Wallonia,25-44,F,1
2020-05-31,Wallonia,75-84,M,1
2020-05-31,Wallonia,75-84,F,1
2020-05-31,Wallonia,85+,M,1
2020-05-31,Wallonia,85+,F,1
2020-06-01,Flanders,45-64,F,1
2020-06-01,Flanders,65-74,M,1
2020-06-01,Flanders,65-74,F,1
2020-06-01,Flanders,75-84,M,3
2020-06-01,Flanders,75-84,F,3
2020-06-01,Flanders,85+,M,2
2020-06-01,Flanders,85+,F,2
2020-06-01,Brussels,75-84,M,1
2020-06-01,Wallonia,75-84,M,1
2020-06-01,Wallonia,75-84,F,2
2020-06-01,Wallonia,85+,M,1
2020-06-01,Wallonia,85+,F,3
2020-06-02,Flanders,45-64,M,1
2020-06-02,Flanders,65-74,M,1
2020-06-02,Flanders,65-74,F,2
2020-06-02,Flanders,75-84,M,1
2020-06-02,Flanders,75-84,F,3
2020-06-02,Flanders,85+,M,3
2020-06-02,Flanders,85+,F,3
2020-06-02,Brussels,65-74,M,2
2020-06-02,Brussels,75-84,F,1
2020-06-02,Wallonia,65-74,M,1
2020-06-02,Wallonia,65-74,F,1
2020-06-02,Wallonia,75-84,F,2
2020-06-02,Wallonia,85+,F,2
2020-06-03,Flanders,65-74,M,1
2020-06-03,Flanders,75-84,F,1
2020-06-03,Flanders,85+,M,3
2020-06-03,Flanders,85+,F,5
2020-06-03,Brussels,75-84,F,1
2020-06-03,Brussels,85+,M,1
2020-06-03,Wallonia,45-64,F,1
2020-06-03,Wallonia,65-74,M,2
2020-06-03,Wallonia,75-84,M,1
2020-06-03,Wallonia,85+,M,3
2020-06-03,Wallonia,85+,F,1
2020-06-04,Flanders,65-74,M,1
2020-06-04,Flanders,75-84,M,1
2020-06-04,Flanders,75-84,F,2
2020-06-04,Flanders,85+,M,2
2020-06-04,Flanders,85+,F,2
2020-06-04,Brussels,75-84,F,1
2020-06-04,Brussels,85+,F,2
2020-06-04,Wallonia,45-64,F,1
2020-06-04,Wallonia,75-84,F,1
2020-06-04,Wallonia,85+,F,1
2020-06-05,Flanders,75-84,M,4
2020-06-05,Flanders,85+,F,3
2020-06-05,Brussels,65-74,F,1
2020-06-05,Brussels,85+,M,1
2020-06-05,Wallonia,45-64,M,1
2020-06-05,Wallonia,85+,M,1
2020-06-05,Wallonia,85+,F,1
2020-06-06,Flanders,45-64,M,2
2020-06-06,Flanders,75-84,M,1
2020-06-06,Flanders,85+,F,3
2020-06-06,Brussels,65-74,F,1
2020-06-06,Wallonia,75-84,M,1
2020-06-06,Wallonia,75-84,F,1
2020-06-06,Wallonia,85+,F,2
2020-06-07,Flanders,65-74,M,1
2020-06-07,Flanders,75-84,M,2
2020-06-07,Flanders,75-84,F,1
2020-06-07,Flanders,85+,F,3
2020-06-07,Brussels,45-64,M,1
2020-06-07,Wallonia,65-74,F,1
2020-06-07,Wallonia,75-84,F,1
2020-06-07,Wallonia,85+,F,2
2020-06-08,Flanders,45-64,M,1
2020-06-08,Flanders,65-74,M,1
2020-06-08,Flanders,65-74,F,1
2020-06-08,Flanders,85+,F,2
2020-06-08,Brussels,65-74,F,1
2020-06-08,Brussels,85+,M,1
2020-06-08,Wallonia,45-64,F,1
2020-06-08,Wallonia,65-74,F,1
2020-06-09,Flanders,65-74,M,1
2020-06-09,Flanders,85+,M,1
2020-06-09,Flanders,85+,F,2
2020-06-09,Brussels,65-74,F,1
2020-06-09,Wallonia,45-64,F,1
2020-06-09,Wallonia,65-74,M,2
2020-06-09,Wallonia,75-84,M,2
2020-06-09,Wallonia,75-84,F,1
2020-06-09,Wallonia,85+,F,1
2020-06-10,Flanders,65-74,,1
2020-06-10,Flanders,75-84,M,2
2020-06-10,Flanders,75-84,F,1
2020-06-10,Flanders,85+,M,2
2020-06-10,Flanders,85+,F,3
2020-06-10,Brussels,85+,F,1
2020-06-10,Wallonia,85+,M,1
2020-06-10,Wallonia,85+,F,1
2020-06-11,Flanders,75-84,M,2
2020-06-11,Brussels,85+,M,1
2020-06-11,Wallonia,65-74,M,2
2020-06-11,Wallonia,75-84,M,1
2020-06-11,Wallonia,85+,F,1
2020-06-12,Flanders,65-74,M,1
2020-06-12,Flanders,75-84,M,1
2020-06-12,Flanders,85+,M,2
2020-06-12,Flanders,85+,F,1
2020-06-12,Brussels,45-64,M,1
2020-06-12,Brussels,75-84,F,1
2020-06-12,Brussels,85+,M,1
2020-06-12,Wallonia,65-74,M,2
2020-06-13,Flanders,65-74,F,1
2020-06-13,Flanders,85+,F,2
2020-06-13,Brussels,85+,F,1
2020-06-13,Wallonia,85+,F,1
2020-06-14,Flanders,75-84,F,2
2020-06-14,Brussels,65-74,M,1
2020-06-15,Flanders,75-84,F,2
2020-06-15,Flanders,85+,M,1
2020-06-15,Flanders,85+,F,3
2020-06-15,Brussels,65-74,F,1
2020-06-15,Wallonia,85+,F,1
2020-06-16,Flanders,75-84,M,2
2020-06-16,Flanders,75-84,F,1
2020-06-16,Flanders,85+,M,2
2020-06-16,Flanders,85+,F,1
2020-06-16,Wallonia,85+,M,1
2020-06-17,Flanders,65-74,M,1
2020-06-17,Flanders,65-74,F,2
2020-06-17,Flanders,75-84,F,1
2020-06-17,Brussels,45-64,M,1
2020-06-17,Brussels,85+,F,1
2020-06-17,Wallonia,85+,M,1
2020-06-18,Flanders,45-64,M,1
2020-06-18,Flanders,75-84,M,1
2020-06-18,Flanders,75-84,F,1
2020-06-18,Flanders,85+,M,1
2020-06-18,Wallonia,65-74,M,1
2020-06-19,Flanders,75-84,F,1
2020-06-19,Flanders,85+,M,1
2020-06-19,Brussels,85+,F,1
2020-06-19,Wallonia,85+,F,1
2020-06-20,Flanders,75-84,M,1
2020-06-20,Flanders,85+,F,1
2020-06-20,Wallonia,85+,F,1
2020-06-21,Flanders,45-64,F,1
2020-06-21,Flanders,75-84,M,1
2020-06-21,Flanders,85+,M,2
2020-06-21,Brussels,25-44,F,1
2020-06-21,Brussels,45-64,F,2
2020-06-21,Wallonia,45-64,M,1
2020-06-21,Wallonia,85+,F,1
2020-06-22,Flanders,65-74,F,1
2020-06-22,Flanders,75-84,M,2
2020-06-22,Flanders,75-84,F,1
2020-06-22,Flanders,85+,M,1
2020-06-22,Brussels,75-84,M,1
2020-06-22,Brussels,75-84,F,1
2020-06-22,Brussels,85+,M,1
2020-06-22,Wallonia,45-64,F,1
2020-06-22,Wallonia,65-74,M,1
2020-06-22,Wallonia,75-84,M,1
2020-06-22,Wallonia,85+,F,1
2020-06-23,Flanders,85+,M,1
2020-06-23,Flanders,85+,F,1
2020-06-23,Brussels,85+,M,1
2020-06-23,Wallonia,85+,M,1
2020-06-24,Flanders,85+,F,1
2020-06-24,Wallonia,75-84,M,1
2020-06-24,Wallonia,75-84,F,1
2020-06-25,Flanders,75-84,M,1
2020-06-25,Flanders,85+,F,2
2020-06-25,Wallonia,85+,M,1
2020-06-25,Wallonia,85+,F,1
2020-06-26,Flanders,75-84,M,1
2020-06-26,Wallonia,65-74,M,1
2020-06-27,Flanders,65-74,M,1
2020-06-27,Flanders,85+,F,4
2020-06-27,Brussels,85+,F,1
2020-06-27,Wallonia,75-84,M,1
2020-06-27,Wallonia,85+,F,1
2020-06-28,Flanders,75-84,M,1
2020-06-28,Brussels,85+,F,1
2020-06-28,Wallonia,45-64,M,1
2020-06-28,Wallonia,65-74,F,1
2020-06-28,Wallonia,85+,F,1
2020-06-29,Brussels,65-74,M,1
2020-06-29,Brussels,85+,F,1
2020-06-29,Wallonia,65-74,F,1
2020-06-30,Flanders,65-74,F,1
2020-06-30,Flanders,85+,M,1
2020-06-30,Flanders,85+,F,1
2020-06-30,Brussels,75-84,M,1
2020-06-30,Wallonia,45-64,F,1
2020-06-30,Wallonia,85+,M,2
2020-06-30,Wallonia,85+,F,1
2020-07-01,Flanders,75-84,F,1
2020-07-01,Wallonia,85+,M,1
2020-07-02,Flanders,65-74,M,1
2020-07-02,Flanders,75-84,M,1
2020-07-02,Flanders,85+,F,1
2020-07-02,Wallonia,85+,F,2
2020-07-03,Flanders,65-74,M,1
2020-07-03,Wallonia,65-74,M,1
2020-07-04,Flanders,85+,F,1
2020-07-04,Wallonia,65-74,M,1
2020-07-04,Wallonia,75-84,M,1
2020-07-05,Flanders,75-84,M,1
2020-07-05,Brussels,85+,F,1
2020-07-06,Flanders,85+,F,1
2020-07-07,Flanders,85+,M,1
2020-07-07,Brussels,85+,M,1
2020-07-07,Wallonia,45-64,F,1
2020-07-08,Flanders,75-84,F,1
2020-07-09,Brussels,75-84,M,1
2020-07-09,Brussels,85+,F,1
2020-07-11,Brussels,45-64,M,1
2020-07-11,Wallonia,75-84,M,1
2020-07-12,Flanders,75-84,F,2
2020-07-12,Flanders,85+,M,1
2020-07-12,Brussels,0-24,F,1
2020-07-14,Flanders,85+,F,1
2020-07-14,Brussels,85+,F,1
2020-07-14,Wallonia,85+,F,1
2020-07-15,Flanders,45-64,M,1
2020-07-15,Brussels,45-64,M,1
2020-07-15,Brussels,65-74,F,1
2020-07-15,Brussels,75-84,M,1
2020-07-15,Wallonia,85+,M,1
2020-07-16,Flanders,75-84,F,1
2020-07-16,Brussels,65-74,M,1
2020-07-16,Wallonia,75-84,F,1
2020-07-16,Wallonia,85+,F,2
2020-07-17,Brussels,65-74,F,1
2020-07-17,Brussels,75-84,F,1
2020-07-18,Flanders,25-44,M,1
2020-07-18,Flanders,65-74,M,1
2020-07-18,Flanders,85+,M,1
2020-07-19,Wallonia,65-74,M,1
2020-07-20,Flanders,65-74,M,1
2020-07-20,Brussels,0-24,F,1
2020-07-21,Flanders,85+,F,1
2020-07-22,Flanders,65-74,M,1
2020-07-22,Flanders,85+,F,1
2020-07-23,Wallonia,75-84,M,1
2020-07-23,Wallonia,75-84,F,1
2020-07-24,Flanders,75-84,M,2
2020-07-24,Flanders,85+,M,1
2020-07-24,Wallonia,65-74,F,1
2020-07-24,Wallonia,75-84,F,1
2020-07-25,Flanders,85+,M,1
2020-07-26,Flanders,45-64,F,1
2020-07-26,Wallonia,85+,F,1
2020-07-27,Flanders,75-84,F,1
2020-07-27,Brussels,75-84,F,2
2020-07-27,Wallonia,45-64,F,1
2020-07-28,Flanders,65-74,M,1
2020-07-29,Flanders,65-74,M,1
2020-07-29,Flanders,85+,F,1
2020-07-29,Wallonia,85+,M,1
2020-07-30,Flanders,75-84,F,1
2020-07-30,Flanders,85+,M,1
2020-07-31,Flanders,85+,M,1
2020-07-31,Wallonia,75-84,M,2
2020-08-01,Flanders,85+,M,1
2020-08-01,Wallonia,85+,F,1
2020-08-02,Flanders,85+,M,1
2020-08-02,Flanders,85+,F,2
2020-08-02,Brussels,75-84,F,1
2020-08-02,Wallonia,65-74,F,1
2020-08-03,Flanders,65-74,F,1
2020-08-03,Flanders,85+,F,1
2020-08-03,Wallonia,75-84,M,1
2020-08-04,Flanders,75-84,M,1
2020-08-04,Flanders,85+,M,1
2020-08-04,Brussels,45-64,F,1
2020-08-04,Brussels,75-84,F,1
2020-08-04,Wallonia,85+,F,1
2020-08-05,Flanders,25-44,M,1
2020-08-05,Flanders,65-74,M,1
2020-08-05,Flanders,85+,M,1
2020-08-05,Brussels,75-84,F,1
2020-08-05,Wallonia,85+,F,1
2020-08-06,Flanders,85+,F,1
2020-08-06,Brussels,85+,M,1
2020-08-06,Wallonia,75-84,M,1
2020-08-06,Wallonia,85+,F,1
2020-08-07,Flanders,85+,M,1
2020-08-07,Flanders,85+,F,1
2020-08-07,Brussels,75-84,M,1
2020-08-07,Brussels,85+,F,1
2020-08-07,Wallonia,85+,M,2
2020-08-08,Flanders,75-84,M,1
2020-08-08,Wallonia,75-84,M,1
2020-08-09,Flanders,75-84,M,1
2020-08-09,Flanders,85+,M,1
2020-08-09,Flanders,85+,F,2
2020-08-09,Brussels,25-44,M,1
2020-08-10,Flanders,65-74,F,1
2020-08-10,Flanders,75-84,M,3
2020-08-10,Flanders,75-84,F,1
2020-08-10,Flanders,85+,M,1
2020-08-10,Wallonia,45-64,M,1
2020-08-10,Wallonia,65-74,M,2
2020-08-10,Wallonia,65-74,F,1
2020-08-10,Wallonia,85+,F,1
2020-08-11,Flanders,75-84,M,1
2020-08-11,Flanders,75-84,F,2
2020-08-11,Flanders,85+,M,1
2020-08-11,Flanders,85+,F,2
2020-08-11,Brussels,85+,M,1
2020-08-11,Wallonia,45-64,F,2
2020-08-11,Wallonia,75-84,M,1
2020-08-11,Wallonia,85+,M,2
2020-08-11,Wallonia,85+,F,1
2020-08-12,Flanders,65-74,M,1
2020-08-12,Flanders,75-84,M,3
2020-08-12,Flanders,75-84,F,2
2020-08-12,Flanders,85+,F,1
2020-08-12,Wallonia,45-64,F,1
2020-08-12,Wallonia,75-84,M,1
2020-08-12,Wallonia,85+,F,2
2020-08-13,Flanders,65-74,M,1
2020-08-13,Flanders,65-74,F,2
2020-08-13,Flanders,75-84,F,1
2020-08-13,Flanders,85+,M,2
2020-08-13,Flanders,85+,F,2
2020-08-13,Wallonia,45-64,F,1
2020-08-13,Wallonia,85+,M,2
2020-08-13,Wallonia,85+,F,1
2020-08-14,Flanders,0-24,F,1
2020-08-14,Flanders,75-84,M,1
2020-08-14,Flanders,75-84,F,1
2020-08-14,Flanders,85+,F,2
2020-08-14,Brussels,75-84,F,2
2020-08-14,Brussels,85+,F,2
2020-08-14,Wallonia,85+,F,3
2020-08-15,Flanders,75-84,M,1
2020-08-15,Flanders,85+,M,3
2020-08-15,Flanders,85+,F,2
2020-08-15,Brussels,45-64,M,1
2020-08-15,Wallonia,75-84,M,1
2020-08-15,Wallonia,75-84,F,1
2020-08-16,Flanders,65-74,M,1
2020-08-16,Flanders,75-84,M,1
2020-08-16,Flanders,75-84,F,1
2020-08-16,Flanders,85+,M,3
2020-08-16,Flanders,85+,F,1
2020-08-17,Flanders,85+,M,2
2020-08-17,Brussels,65-74,M,1
2020-08-17,Brussels,85+,M,1
2020-08-17,Wallonia,85+,M,1
2020-08-17,Wallonia,85+,F,2
2020-08-18,Flanders,25-44,M,1
2020-08-18,Flanders,45-64,M,1
2020-08-18,Flanders,65-74,M,1
2020-08-18,Flanders,75-84,M,1
2020-08-18,Flanders,85+,F,1
2020-08-18,Brussels,45-64,M,1
2020-08-18,Brussels,65-74,F,1
2020-08-18,Brussels,85+,M,1
2020-08-18,Wallonia,65-74,M,1
2020-08-18,Wallonia,75-84,F,1
2020-08-18,Wallonia,85+,M,1
2020-08-19,Flanders,75-84,F,1
2020-08-19,Flanders,85+,M,4
2020-08-19,Flanders,85+,F,2
2020-08-19,Brussels,85+,F,2
2020-08-20,Flanders,65-74,F,1
2020-08-20,Flanders,75-84,M,2
2020-08-20,Flanders,85+,F,1
2020-08-21,Flanders,85+,F,1
2020-08-21,Brussels,75-84,M,1
2020-08-21,Wallonia,85+,M,1
2020-08-22,Flanders,75-84,M,1
2020-08-22,Brussels,65-74,M,1
2020-08-22,Brussels,75-84,M,1
2020-08-22,Brussels,85+,F,1
2020-08-22,Wallonia,45-64,F,1
2020-08-23,Flanders,75-84,F,1
2020-08-23,Brussels,75-84,M,1
2020-08-23,Brussels,75-84,F,1
2020-08-24,Flanders,65-74,M,1
2020-08-24,Flanders,75-84,F,1
2020-08-24,Flanders,85+,M,1
2020-08-24,Wallonia,45-64,F,1
2020-08-24,Wallonia,75-84,F,1
2020-08-25,Flanders,65-74,M,1
2020-08-25,Flanders,75-84,F,1
2020-08-25,Flanders,85+,F,2
2020-08-25,Wallonia,85+,M,1
2020-08-26,Flanders,45-64,M,1
2020-08-26,Flanders,85+,F,2
2020-08-26,Brussels,85+,F,1
2020-08-27,Flanders,45-64,F,1
2020-08-27,Brussels,25-44,F,1
2020-08-27,Brussels,75-84,F,1
2020-08-28,Flanders,85+,M,1
2020-08-28,Brussels,45-64,F,1
2020-08-28,Wallonia,75-84,F,1
2020-08-28,Wallonia,85+,M,1
2020-08-29,Flanders,45-64,M,1
2020-08-29,Flanders,85+,F,1
2020-08-29,Brussels,85+,F,1
2020-08-29,Wallonia,75-84,M,1
2020-08-29,Wallonia,75-84,F,1
2020-08-29,Wallonia,85+,F,1
2020-08-30,Flanders,85+,M,1
2020-08-31,Flanders,65-74,M,1
2020-08-31,Flanders,75-84,F,1
2020-08-31,Flanders,85+,M,1
2020-09-01,Flanders,85+,F,2
2020-09-01,Wallonia,25-44,M,1
2020-09-02,Flanders,45-64,M,2
